id,label
102404,Pictures of the Body: Pain and Metamorphosis
131085,White Dove Anthem: A Portrait of a Boy in His Hometown
106512,Java Network Programming: A Complete Guide to Networking  Streams  and Distributed Computing
4125,Unprecedented Realism: The Architecture of Machado and Silvetti
34,Southern By the Grace of God: Lynyrd Skynyrd Tribute Tour  Vol. 1
319524,Old Believers in Modern Russia (Russian Studies Series)
286773,The Very Best of Jason Donovan
55,Goldilocks and the Three Bears : Full-Color Picture Book (Dover Little Activity Books)
8255,Kiri! Her Greatest Hits Live
36938,
110670,Buddhist Perspectives on the Ecocrisis
311376,Harry Potter and the Goblet of Fire (Book 4)
84,The Best of Schoolhouse Rock! - 30th Anniversary Edition
94,The American Heritage Dictionary of Idioms
385132,The Blurring of Trees
131190,Can You Sing a High 'C' Without Straining? (Box Set)
114847,Que Me Toquen Las Golondrinas
114848,Victory at Sea: World War II in the Pacific
165,Passage of Darkness: The Ethnobiology of the Haitian Zombie
167,Total Immersion
315559,Celtic Designs: An Arts and Crafts Source Book
315561,Spooky Riddles (I Can Read It All By Myself)
254122,Wall Street Journal Edition Fundamentals Corp Finance
254123,Overcoming Assumptions that Inhibit Spiritual Development : A Lecture Delivered Before a Live Audience  Plus Teaching Stories and Narratives
8365,Forbidden Land : A Novel of the First Americans (First Americans Saga)
82097,The Allergy Self-Help Cookbook : Over 325 Natural Foods Recipes  Free of All Common Food Allergens: wheat-free  milk-free  egg-free  corn-free  sugar-free  yeast-free
118968,Music For Relaxation & Meditation (Health Journeys)
118969,Mother Tongue
86213,Brother Lowdown
4298,State Property
4299,Workjobs ... for Parents: Activity-Centered Learning in the Home
4300,Animal Folk Songs for Children: Traditional American Songs
61646,Halloween Treats: Recipes and Crafts for the Whole Family (Holiday Celebrations)
168146,College Algebra with CD
32992,SharQui - The bellydance workout
230,Half Slave and Half Free : The Roots of Civil War (American Century Series)
231,George Morgan - 14 Greatest Hits
232,Review of Veterinary Physiology (The Quick Look Series in Veterinary Medicine)
372986,Analytic Topology
389375,The Bulldozer in the Countryside : Suburban Sprawl and the Rise of American Environmentalism (Studies in Environment and History)
299266,Parameter Estimation  Condition Monitoring  and Diagnosis of Electrical Machines (Monographs in Electrical and Electronic Engineering)
24842,Hannibal
61716,All Star Comics Archives  Vol. 7 (DC Archive Editions)
35062,Introduction to Nutrition and Metabolism
168225,TOEFL Test Preparation Kit (Book & CD-ROM)
364834,Hey... I'm Just The Catcher
364835,Sentimientos: De LA Tristeza a LA Felicidad
364836,Keeping A Family Cow
295,Inventing Criminology: Essays on the Rise of Homo Criminalis (S U N Y Series in Deviance and Social Control)
296,The Da Vinci Code
20789,Manhattan
20791,The Dachshund: A Dog for Town and Country
20792,Aventura sagrada
270663,The Music Men: The Story of Professional Gospel Quartet Singing
229704,Sociology of Organizations: Classic  Contemporary and Critical Readings
139595,The Lord of the Rings - The Fellowship of the Ring (Platinum Series Special Extended Edition Collector's Gift Set)
258380,Harry Potter and the Order of the Phoenix (Book 5  Deluxe Edition)
258381,Fortune Cookie Fox: Sabrina  The Teenage Witch #26
258382,Fear Effect : Prima's Official Strategy Guide (Prima's Official Strategy Guides)
258383,The Spider Weaver : A Legend Of Kente Cloth
258384,Learning About Theology from the Third World
139596,Broken Time
139597,Understanding Faculty Productivity: Standards and Benchmarks for Colleges and Universities
287054,The Lynching of Emmett Till: A Documentary Narrative (The American South Series)
81477,Bird by Bird with Annie: A Film Portrait of Writer Anne Lamott
389464,Midnight Special
188765,The Giver
188767,
94573,Designed to Die (Dallas O'Connor Mysteries)
94574,Thee  Hannah!
94575,Ender's Game (Ender Wiggin Saga)
385391,The ESRI Guide to GIS Analysis Volume 1: Geographic Patterns & Relationships
385389,California Desert Byways: Backcountry Drives for the Whole Family
4487,SAP R/3 Reporting Made Easy  4.6C: Fundamentals and Development Tools
160148,A Woman Who... : Essays  Interviews  Scripts (PAJ Books: Art + Performance)
20890,Industry Shakedown
213405,Left Behind: A Novel of the Earth's Last Days (Left Behind  1)
356774,The Genesis Wave Book One (Star Trek The Next Generation)
356775,History of Western Art  Trade Edition
356776,Ender's Game (Fantastic Audio)
356777,The Herbal Home Spa : Naturally Refreshing Wraps  Rubs  Lotions  Masks  Oils  and Scrubs (Herbal Body)
356778,The Ways of the VC (Inside the Minds)
356779,Cross-Sectional Human Anatomy
356780,Little Hands  Fingerplays & Action Songs: Seasonal Activities & Creative Play for 2 - To 6-Year-Olds (Williamson Little Hands Series)
356781,Ghostwritten (Vintage Contemporaries)
364973,Handbook of Home Health Orientation
360880,Training Workhorses / Training Teamsters
37297,Chicken
356800,Why Aren't Black Holes Black?
356801,The Language of Leadership
98756,The Catcher in the Rye
242139,Paul Chek's Swiss Ball Exercises for Better Abs  Buns & Backs
352767,How to Make Anyone Fall in Love with You
131584,Principles and Techniques in Combinatorics
352768,The Secret Vaults of Time: Psychic Archaeology and the Quest for Man's Beginnings
107008,Burning in Water  Drowning in Flame
529,An Outline of Philosophy
530,How to Borrow Your Way to Wealth Success
94749,A History of Economic Theory : Classic Contributions  1720-1980
94750,Mass Spectrometry and Genomic Analysis
107039,Sin As Addiction
160305,Jukebox Restoration
111164,Star Wars - Episode I  The Phantom Menace
4689,The Courage to Become
193106,Selected Poems And Four Plays
193107,Star Wars - Episode I  The Phantom Menace (Widescreen Edition)
78435,The Bonfire of the Vanities
373357,Chicken Soup for the Woman's Soul: Songs to Open the Hearts & Rekindle the Spirits of Women
295533,Does America Need a Foreign Policy? : Toward a Diplomacy for the 21st Century
316015,Diagnosing and Treating Co-Dependence : A Guide for Professionals Who Work with Chemical Dependents  Their Spouses  and Children (Professional Series)
4736,Streetwise Customer Focused Selling: Understanding Customer Needs  Building Trust  and Delivering Solutions...the Smarter Path to Sales Success (Adams Streetwise Series)
4737,Freedom and Its Betrayal: Six Enemies of Human Liberty
4738,Fuego Reiki
4739,Harry Potter and the Goblet of Fire (Book 4)
45702,Dr. Mom: A Guide to Baby and Child Care
45703,Harry Potter and the Chamber of Secrets  Braille Edition
45704,Second Sight
45705,Kol Nidre: Studies in the Development of Rabbinic Votive Institutions
45706,The Train to Estelline: The First Novel in a Trilogy (Lucinda Richards Trilogy)
45707,Worlds Apart : The North-South Divide and the International System
45708,Test Bank to Accompany Introduction to Organic Chemistry
115346,All My Hits - Todos Mis Exitos  Vol. 2
115347,Exploring the History of Medicine: From the Ancient Physicians of Pharaoh to Genetic Engineering (Exploring (New Leaf Press))
94874,French (Traveler's Edition)
328351,The Magic School Bus Hops Home
209578,Apocalypse Now Redux
66220,Liberty Men and Great Proprietors: The Revolutionary Settlement on the Maine Frontier  1760-1820 (Institute of Early American History & Culture (Paperback))
66221,The Giver
180911,Sewing Stylish Home Projects: Over 30 Accessories for Your Home
66223,Male and Female Energies: The Balancing Act (The Energy Series  3)
131760,"Beethoven: Missa Solemnis in D major  Op. 123; Mozart: Mass in C minor  K. 427 ""The Great"""
189108,The Stick and Stone Age (Cartoon History of the Earth  4)
361161,Collection
234192,Wedding Fashion Paper Dolls
234193,America's National Parks: The Spirit Within
234194,The Storytelling Princess
234195,Goodbye Girls I'm Going to Boston
234197,Writing Whizardry: 60 Mini-Lessons to Teach Elaboration and Writer's Craft
234199,A Little Bit Special
197351,Forgiveness  the Passionate Journey: Nine Steps of Forgiving Through Jesus' Beatitudes
172777,Napoleon
148216,Life by the Numbers
148217,Japanese Women Writers: Twentieth Century Short Fiction (Asia and the Pacific)
180991,Bloody Treason: On Solving History's Greatest Murder Mystery : The Assassination of John F. Kennedy
180992,The Lazy Person's Guide to Success: How to Get What You Want Without Killing Yourself for It
180993,New Asian Style: Contemporary Tropical Living in Singapore
180995,Hard to Find 45s on CD  Vol. 6: More 60's Classics
262917,Art of Aureole
111366,Unwritten Laws : The Unofficial Rules of Life as Handed Down by Murphy and Other Sages
111367,Maybe I'm Amazed
140051,Find Your Fit: Dare to Act on Who You Are--How Your Talents  Interests  and Personality Add Up to You! (LifeKeys 4 Teens; Discovery Workbook)
254741,The Pinkish  Purplish  Bluish Egg (Sandpiper Books)
66327,eGov : E-Business Strategies for Government
41752,Phoenix Rising
41753,The Theoretical Evolution of International Political Economy: A Reader
66330,The Complete Idiot's Guide to Fly Fishing
66331,Manias  Panics  and Crashes: A History of Financial Crises (Wiley Investment Classics)
66328,Easy Carpentry Projects for Children
41758,Steve Hackett: Somewhere In South America
21287,How to Pack
4907,Good Night  Poppy and Max: A Bedtime Counting Book
226093,The Art of Chinese Calligraphy
824,The Gods Themselves
107326,Into The Fire
107327,Puzzles & Games for Critical and Creative Thinking: A Workbook for Age 6-8 (The Gifted & Talented Workbooks)
62291,Yule: A Celebration of Light and Warmth
176996,Abalone Book (Abalone Book)
66408,The Botany and Chemistry of Hallucinogens
50031,How to Set Your Wedding to Music (Wedding Music Guide & Music CD)
74608,Getting Ready to Negotiate: The Getting to Yes Workbook
291697,Favorite Camp Songs
29553,Understanding the Mass
70523,21st Century U.S. Army Combat Skills of the Soldier Field Manual
263054,Apollyon: The Destroyer Is Unleashed (Left Behind No. 5)
304015,Gemarakup  Super Sleuth
50081,Media Law for Producers  Third Edition
50083,Bonaparte's Sons
9138,The Best Single Mom in the World: How I Was Adopted (Concept Books (Albert Whitman))
390076,Harry Potter and the Prisoner of Azkaban (Book 3 Audio CD)
37826,Not Proven
91076,The Norton Anthology of English Literature  Vol. 2 B: The Victorian Age
230340,Understanding 12-Lead EKGs: A Practical Approach
238550,Christmas Story Keepers
21481,Hammond Atlas of the Middle East
17389,
386040,The Garden of Joys : An Anthology of Oriental Anecdotes  Fables and Proverbs
250879,Harry Potter and the Sorcerer's Stone (Book 1 Audio CD)
250880,Delivering Legendary Customer Service: Seven Steps to Success (Psi Successful Business Library)
54272,Raptors (Volume 1)
271363,Toshi
33800,The Frightened Woman
70675,A History of Christianity
91157,Maledetti [Bonus Tracks]
91158,Harry Potter and the Sorcerer's Stone (Book 1)
70677,Vocabulary Workshop: Level A
189465,Harry Potter and the Chamber of Secrets (Book 2 Audio CD)
259099,Can-Am
58397,Controlling High Blood Pressure the Natural Way
103455,Ain't Life Grand [Import Bonus Tracks]
103456,Limoges Boxes: A Complete Guide
103457,Diagnostics (TCM Study Guide Series)
275495,Oddball Indiana: A Guide to Some really Strange Places
381997,Buffalo Springfield Box Set
226356,Star Profile
361528,The Catcher in the Rye
361529,The Spiritual Teachings of Ralph Waldo Emerson
300113,13/92
38002,Mozart: Piano Concerto  K. 459; Beethoven: Piano Concerto No. 3
1156,Turquoise Boy: A Navajo Legend (Native American Legends)
1157,A Retreat With Mary of Magdala and Augustine: Rejoicing in Human Sexuality (Retreat With-- Series)
181392,France (Eyewitness Travel Guides)
181393,Horrorscope [Clean]
181394,Bringing Back the White Pine
181395,Academic Discourse: Linguistic Misunderstanding and Professorial Power
181396,Hebrews (Interpretation  a Bible Commentary for Teaching and Preaching)
119957,Practical Tae Kwon Do
369814,The Magic Tree House Collection #3 (Books 9-12)
246942,The Sea Hawk: Classic Scores of Erich Korngold
230559,
246944,Acu-Cat: A Guide to Feline Acupressure
246943,Wheat Flour Milling
50347,Celebration
332981,Left Behind (Left Behind #1)
99521,Strategies & tactics for the MBE: Multistate bar exam
246979,Opera Goes to the Movies
263418,Star Wars - Episode I  The Phantom Menace
263420,Frogs
124156,Railroad Voices
103686,Service Quality : New Directions in Theory and Practice
107793,The Wendigo
222497,Allegories of Reading : Figural Language in Rousseau  Nietzsche  Rilke  and Proust
136500,Ever After - A Cinderella Story
357691,Darling Buds of May Collection
95557,Doing Business With Korea (Global Business Series)
58700,Massive Attack - Eleven Promos
99673,Time & Money: Best-Ever Activities for Grades 2-3 (Best-Ever Activities for Grades 2-3)
214363,The Spaces between Buildings (Center Books on Space  Place  and Time)
206193,As It Is  Vol. 2
120179,The Handbook of Equity Derivatives (Wiley Series in Financial Engineering)
120181,Mille Lacs: Thirty Years on the Big Lake : Memoirs and Secrets of a Walleye Fishing Guide
116099,Theoretical and Experimental Modal Analysis (Mechanical Engineering Research Studies. Engineering Control Series  9)
206211,Puritancial Euphoric Misanthropia [Bonus Tracks]
116103,Stalking Vietcong : Inside Operation Phoenix: A Personal Account
288149,Trade Show Survival Guide : A Tongue-In-Cheek Sales Handbook : Training Made Fun
267681,Sugar Flowers for All Seasons (The Creative Cakes Series)
374191,Baseball  Snakes and Summer Squash: Poems About Growing Up
79295,Quality of Life: Assessment  Analysis  and Interpretation
361955,Literature Guide: The Giver (Grades 4-8)
87536,Zagatsurvey 2001/2002 Vancouver Restaurants (Zagat Survey: Vancouver Restaurants)
22015,Special Diets for Special Kids
58903,The Complete Guide to Foodservice in Cultural Institutions: Your Keys to Success in Restaurants  Catering  and Special Events
75298,Electricity One - Seven (3rd Edition)
173606,Corps Business : The 30 Management Principles of the U.S. Marines
349738,Little Bear - Parties & Picnic
103983,Harry Potter and the Prisoner of Azkaban (Book 3 Audio CD)
103984,The Promise
140877,Let's Speak Ilokano
67152,Big Swing Face
390742,Ela E' Carioca
26199,Christmas in My Heart
54872,The California Landlord's Law Book: Evictions (California Landlord's Law Book Vol 2 :  Evictions)
50775,The Adventures of Sherlock Holmes - Vol. 1: (A Scandal in Bohemia/ The Dancing Men/ The Naval Treaty/ The Solitary Cyclist)
276058,
26203,Complete Idiot's Guide to Great Customer Service (The Complete Idiot's Guide)
26202,Jean-Marc Bustamante/Mariko Mori (Ninety)
26205,Kids' Book of Soccer: Skills  Strategies  and the Rules of the Game
153179,Art of the State: Ohio (Art of the State)
382562,Maya Lin: Architect and Artist (People to Know)
9826,Icebreaker
284260,Requiem for the Devil
280169,Big Hair: A Journey into the Transformation of Self
398967,20th Century Masters: Millennium Collection - The Best of Donny & Marie Osmond
161404,Pelican Games
9856,Other Powers
9863,100 Orchids for the American Gardener (Smith & Hawken)
263833,The Complete Book of Finches and Softbills: Their Care and Breeding
63134,Standing Alone
186015,Enemy Glory (Enemy Glory)
116394,Gary Cooper Off Camera
136896,Taming the Lion
349892,Oath of Seduction: Seducing Sharon
317143,Forever Autumn
325336,Wifey
239321,Islands in Time: A Natural and Cultural History of the Islands of the Gulf of Maine
390877,Postmodern Analysis (Universitext)
120549,The Da Vinci Code
255733,Azteca
30454,River of Darkness
198389,Selling Services: Marketing for the Consulting Professional (Psi Successful Business Library)
18176,Mothering and Fathering
272135,Ender's Game
366343,Satanic Majesties Request
59143,Lying About Hitler: History  Holocaust  and the David Irving Trial
96010,Fun with Modeling Clay (Kids Can Do It)
96011,Ender's Game (Ender)
96012,Harmony
96013,Point Zero: Creativity Without Limits
96014,Camel Crochet
96015,Legislative Politics in the Arab World: The Resurgence of Democratic Institutions
18212,Adore
141099,Jumpin Jive
75569,Rhythm of the Earth
75570,El Misterio del Galeon Fantasma
75572,Quotations From Chairman Mao Tse-Tung
75573,Autocad and its Applications:Basics:Autocad 2000/2000i:Solutions Manual
67387,The Stone of the Plough: The Search for the Secret of Giza
296781,The Silk Road and the Cities of the Golden Horde
202581,Wolfgang Amadeus Mozart: Kronungsmesse (Coronation Mass)
391049,Netting the Sun: A Personal Geography of the Oregon Desert (Northwest Voices Essays)
92042,This Place is Wild: East Africa
92043,Discography
284563,Death on Black Dragon River
284564,Ultralight Boatbuilding
55190,Searching For Peace - Second Edition : The Road to TRANSCEND (Critical Peace Studies: Peace by Peacefu)
79767,Emerson Lake & Palmer - Live at the Royal Albert Hall
96222,Bad Man From Red Butte/Rawhide Ranger
362468,Primal Instinct
75750,Extraordinary Girls
301031,Educating Yourself About Alcohol and Drugs: A People's Primer
129000,Uk Hotel Groups Directory  1989-90
129001,Hidden Charges
6130,Harry Potter and the Order of the Phoenix (Book 5  Audio)
227318,Selections from Don Quixote (Dual-Language) (Dual-Language Book)
227319,Congenital Cardiac Surgery
59390,A Beginner's Guide to Mantras: How to Use Sacred Sound to Create Abundance  Health  and Spiritual Insight in Your Life (Beginner's Guide Series)
75785,Too Deep for Tears
2063,Michelin THE GREEN GUIDE New York-New Jersey-Pennsylvania  2e
153628,The Lord of the Rings - The Fellowship of the Ring (Widescreen Edition)
321578,Peter Norton's Introduction to Computers  Fourth Edition
14379,The Angel Levine
251949,How To Draw Manga Volume 20: Female Characters (How to Draw Manga)
247854,John Quincy Adams: (The American Presidents Series)
251951,Triplet Secret Babies (Maitland Maternity: Triplets  Quads & Quints) (Harlequin American Romance  No. 901)
251952,Frommer's Italy 2002
251953,The Scholastic Teacher Plan Book
272437,Top Hits
272440,Mandala Magic Endangered Species Coloring Book
47178,Sombre Romantic
399451,Sarah : A Novel
55403,American Courts
338031,Architecture After Geometry (Architectural Design)
145521,Wisconsin in the Civil War: The Home Front and the Battle Front  1861-1865
145525,Being Dharma : The Essence of the Buddha's Teachings
96391,Sayonara
100513,Herbs (Dorling Kindersley Handbook)
100514,Poetry Matters: Writing a Poem from the Inside Out
100515,The Evil Dead Companion
30884,Magic and Magicians in the Greco-Roman World
100516,Josephus  the Essential Works: A Condensation of Jewish Antiquities and the Jewish War
100517,Weddings: The Magic of Creating Your Own Ceremony
22689,I Am of Irelaunde : A Novel of Patrick and Osian
59581,Mafia: Prima's Official Strategy Guide
59582,The Possibility of Altruism
59583,
313535,Cheerios : El Libro De Jugar/The Cheerios Play Book
26823,Turmoil  Trauma  and Triumph: The Fettmilch Uprising in Frankfurt Am Main (1612-1616) According to Megillas Vintz : A Critical Edition of the Yiddish  ... Text Including an (Realms of Judaism  Vol 72)
280781,Erie Lackawanna: The Death of an American Railroad  1938-1992
125148,Cassell's Dictionary Of Word And Phrase Origins (Cassell Dictionary of)
10463,Dictionary of Financial Terms
59617,Going Native: A Novel
391399,Confederate Home Front : Montgomery during the Civil War
391401,The Catcher in the Rye
391402,The Deeper Wound: Recovering the Soul from Fear and Suffering  100 Days of Healing
280812,Jammer
108781,Drums in the Deep South
391408,Merce Cunningham - A Lifetime of Dance
47350,Such Blinding Stars for Starving Eyes
47351,Nobody But You
35063,Harry Potter and the Prisoner of Azkaban (Book 3)
47352,Citadelle (French language)
47354,Dance With Me
47353,The Ancient Track: The Complete Poetical Works of H. P. Lovecraft
47356,Basic Connections: Making Your Japanese Flow (Power Japanese)
47357,The Passion of Ayn Rand
47358,Pinocchio (Puffin Classics)
47359,The Business of Media: Corporate Media and the Public Interest
284924,To Fly: The Story of the Wright Brothers
47355,Death by the Light of the Moon (Claire Malloy Mysteries (Paperback))
276743,Macromedia Flash MX: The Complete Reference
330014,Comparative Peace Processes in Latin America
346412,Best Friends
231733,The Collector's World of M&M's: An Unauthorized Handbook and Price Guide (Schiffer Book for Collectors)
231734,Weights III - The Circuit Strength Training Workout
276807,Biography - Shirley Temple
268618,Genji & Heike: Selections from the Tale of Genji and the Tale of the Heike
92497,The RenderMan Companion : A Programmer's Guide to Realistic Computer Graphics
92499,Cognitive-Behavioral Group Therapy for Social Phobia: Basic Mechanisms and Clinical Strategies
174427,The Barque of Saviors: Eagle's Passage from the Nazi Navy to the U.S. Coast Guard
215396,My First Book Of Words (mi Primer L Ibro De Palabras) (My 1st Book of Words)
153957,A Resource Curriculum in Driver and Traffic Safety Education
153958,Associated Press Guide to Photojournalism (Associated Press Handbooks)
178547,Walt Disney's The Spirit of Mickey
178549,Harry Potter and the Chamber of Secrets (Book 2 Audio CD)
186759,My Cowboy Boots (Mothers of Preschoolers (Mops))
190866,Dare / Love & Dancing
215446,Alban Berg - Wozzeck / Adolf Dresen ·  Claudio Abbado - F. Grundheber · H. Behrens ·  Vienna State Opera
182689,Victory at Mortain: Stopping Hitler's Panzer Counteroffensive
125349,Quiero Volver a Empezar
39333,Everyday Object Lessons for Youth Groups
326060,This Place on Third Avenue: The New York Stories of John McNulty
6588,Here's to Life
190914,John Riley's Daughter
14787,You've Only Got Three Seconds
14812,Chicago Story: the Complete Greatest Hits
199148,Prudent Practices in the Laboratory: Handling and Disposal of Chemicals
297473,Real Cidermaking on a Small Scale
297474,Last Days of Summer
297475,Star Wars - Episode II  Ataque de los Clones (Attack of the Clones)
297476,Scooby-Doo
211463,Harry Potter and the Sorcerer's Stone (Book 1 Audio CD)
297480,Star Wars - Episode II  Attack of the Clones
211464,Rogue Target (Executioner #274) (Executioner  274)
51727,Life in a Nutshell: A Nutty Look at Life  Marriage  TV & Dogs
92693,What She Saw... : A Novel
47643,Georgia O'Keeffe 2002 Calendar
47644,i-mode Crash Course
2588,Choose Florida For Retirement  2nd Edition (Choose retirement)
39466,Sams Teach Yourself Visual Basic 6 in 10 Minutes
219690,Out of the Ordinary
39468,Big Beach Boutique 2
145964,Death of A Salesman
145965,On Playing the Flute
379435,Round Trip: The Near Death Experience
289328,Stravinsky: Sacred Choral Works
51760,Infrastructure for Knowledge Management
2611,Ellen Gilchrist : Collected Stories
10805,The Architect's Eye
10806,The Ketogenic Diet: A Treatment for Epilepsy  3rd Edition
10807,Big Brown Bear
10808,The Mojave: A Portrait of the Definitive American Desert
10809,Architecture and Geometry in the Age of the Baroque
285262,Outlaw of Gor
2645,A Problem of Plumbing and Other Stories
178786,Dragon and the George
84591,Gilliam on Gilliam
199282,MANAGEMENT & MACHIAVELLI : A Prescription for Success in Your Business
109188,The Lord of the Rings - The Fellowship of the Ring (Special Extended Edition)
72337,Child Custody Made Simple: Understanding the Law of Child Custody and Child Support
158355,The Calling: A Challenge to Walk the Narrow Road
359085,Lionel at Large (Puffin Easy-To-Read)
359088,Enders Game
223929,Distant Shores
39610,Il Giardino Armonico
15038,Little Girl...Big Tease
240325,The Cambridge Illustrated History of Warfare (Cambridge Illustrated Histories)
19163,Remaking Chicago: The Political Origins of Urban Industrial Change
273126,Altered States  Vol. 2
273127,The Mummy
195303,Made in Russia: The Holocaust
47865,A Shot in the Dark
15103,Princess Sultana's Circle
383747,Tom Strong: America's Best Comics Magazine  Book 2
72456,Saving Your Marriage Before It Starts: Seven Questions to Ask Before (and After) You Marry
56098,Trance Mission
56099,Uniquely Gifted : Identifying and Meeting the Needs of the Twice Exceptional Student (An Avocus Advocacy in Education Title)
56100,Harry Potter and the Prisoner of Azkaban (Book 3)
11045,Ritualized Homosexuality in Melanesia
56101,Sho Nuff
391977,A Stitch in Time (Needlecraft Mystery)
359210,The Low-Fat Lifestyle
359212,The Golden Egg Book (Golden Books)
142125,Horror Films of the 1970s
19275,Salamander
88910,Barbed Quotes
88912,Joy of Man's Desiring
88913,Oscillations  Waves  and Chaos in Chemical Kinetics (Oxford Chemistry Primers)
129877,Mommy & Me - Fun & Friends
281437,War on Debt: Breaking the Power of Debt (Financial Freedom Series  V. 1)
281438,Fatal Voyage
281440,DVD- The Sam Bush Mandolin Method
84839,Pokemon Tales : Fly On Butterfree (Pokemon Tales)
84840,The Ceramic Design Book: A Gallery of Contemporary Work (A Lark Ceramics Book)
215913,That Darn Cat!
84842,Harry Potter and the Goblet of Fire (Book 4 Audio CD) (Harry Potter (J.K. Rowling))
215914,Sarah'S Child - Hardcover
215915,Finite Geometries (Classics in Mathematics)
215917,A Picture Perfect Prom (Sweet Valley High)
215918,Anatomy of a Food Addiction: The Brain Chemistry of Overeating : An Effective Program to Overcome Compulsive Eating
215919,Cats in the Sun
170864,Sempre Freneticas
27514,Love  God  Murder
27515,Puts and Calls: Risky Options  Episode 1
27516,Somewhere Outside
27517,Complete Idiot's Guide to Zen Living (The Complete Idiot's Guide)
27518,Gangsta's Paradise
195457,The Complete Poems and Songs of Robert Burns
195458,The Land Before Time II - The Great Valley Adventure
195459,Games Magazine Junior Kids' Big Book of Games
195460,The Incredible Internet Guide for Trekkers : The Complete Guide to Everything Star Trek Online (Incredible Internet Guide Series)
195461,Batman The Dark Knight Archives  Vol. 2 (DC Archive Editions)
43909,William and the Evacuees
105356,Addition and Subtraction (Grades 1 - 2) (Golden Step Ahead Plus)
293805,The Tell-Tale Heart and Other Writings (Bantam Classics)
125870,Kinkycrafts: 99 Do-It-Yourself S/m Toys for the Kinky Handyperson
293806,SOG: A Photo History of the Secret Wars
293807,The Underdogs
76724,Help Me - I'm Stressed!: Overcoming Emotional Battles With the Power of God's Word (Help Me  Series)
93110,
318393,Masterpieces of the J. Paul Getty Museum: Antiquities
318395,In the Snow: Who's Been Here?
43963,Anuran Communication
84932,Postcards from France
154567,Merde Encore! : More of the Real French You Were Never Taught at School
154568,How to Know God : The Soul's Journey Into the Mystery of Mysteries
7123,ABC's of the Birds and Bees: For Parents of Toddlers to Teens
306157,Writing Software Documentation: A Task-Oriented Approach (Part of the Allyn & Bacon Series in Technical Communication)  Second Edition
347127,Que Monton De Tamales
3078,Fairies Notebook (Decorative Notebooks)
3080,Emotion
302118,Facilities Construction Cost Data 2003 (Facilities Construction Cost Data)
302121,Student Manual for Thompson and Rudolph's Counseling Children
113707,Scaramouche
113708,Todd
113709,The Boondock Saints  [IMPORT]
113710,Black Christmas  [IMPORT]
113712,Ender's Game (Ender)
113713,Pacific Coast Nudibranchs: A Guide to the Opisthobranchs Alaska to Baja California
113714,My Name Is Nobody [IMPORT]
216119,Single String Studies for Guitar Volume Two
97336,Airport Planning & Management
27707,Science and Health with Key to the Scriptures (W.M.B.E.)
334912,The Naturally Scented Home: Creating Traditional Scented Products with a Modern Twist
19548,Food Chemicals Codex Supplement # 3
11357,The 36-Hour Day: A Family Guide to Caring for Persons with Alzheimer Disease  Related Dementing Illnesses  and Memory Loss in Later Life (Large Print)
3180,The Sacred: Ways of Knowledge Sources of Life
101485,The Matrix - Platinum Limited Edition DVD Collector's Set
310382,A Practical Guide to Ecg Interpretation
109688,The Devil's Horseman: The Mongol Invasion of Europe
109689,Mathematics: Concepts and Skills Course 2
109691,Moses
3200,The Heart of Confederate Appalachia: Western North Carolina in the Civil War (Civil War America)
3201,Engaging China: The Management of an Emerging Power (Politics in Asia Series)
3204,Women Before 10 A.M.
396423,Syntax : Structure  Meaning  and Function (Cambridge Textbooks in Linguistics)
216201,Harry Potter and the Chamber of Secrets (Book 2)
347288,The State of the World's Children 2002: Leadership (State of the World's Children)
31898,Founding Mothers : The Women Who Raised Our Nation
31899,Discover Nature at Sundown: Things to Know and Things to Do (Discover Nature Series)
146588,New Orleans
93342,Grey Owl
72863,Irigaray & Deleuze: Experiments in Visceral Philosophy
158895,The Giver
335023,Free Trade and Uneven Development: The North American Apparel Industry After NAFTA
109756,King Suckerman
101577,The Crossing
27858,Yosemite: The Grace & Grandeur
371929,Disco Not Disco
126182,Cabiria
126183,My Secret Camera
224487,The Devil  You Say
23785,Mad Reader Book 1 (Mad Reader)
23786,Hockey Stickers (Dover Little Activity Books)
23787,Tales of Mystery and Suspense: Vol. 10: Radio's Outstanding Theater of Thrills
23788,Hojo Tsukasa 20th Anniversary Illustrations (Japanese Language Text)
23789,Revisions: An Alternative History of Photography
240876,Calculus for Biology and Medicine
23791,Water-Source of Life -Nature Meditation
23792,Harry Potter and the Sorcerer's Stone
134392,Kekko Kamen  Vol. 1: Fighting for Justice  Freedom and the Naked Truth!
134393,The Second Jungle Book
134395,The Last of the Blonde Bombshells
134396,American Buffalo
167181,The Bible Comes Alive: A Pictorial Journey Through the Book of Books  Vol. 2: Moses to David (Bible Comes Alive)
167182,Sing Like Mariah Carey Vol.3 [KARAOKE]
294162,Crossroads of Twilight (The Wheel of Time  Book 10)
384281,The Bible for Today's Christian Woman
118045,Terrifying Transferences: Aftershocks of Childhood Trauma
347433,Hitler's Pope : The Secret History of Pius XII
347434,Steel-Frame House Construction
163117,Tombstone Chronicles: Tough Folks  Wild Times (Wild West Collection  Volume 5)
64825,Seeing Red
64826,The Making of Final Fantasy: The Spirits Within
118079,Christian Mission to Muslims: The Record : Anglican and Reformed Approaches in India and the Near East  1800-1938 ([The William Carey Library series on Islamic studies])
195904,Holes
208191,Brave Hearts Under Red Skies: Stories of Faith Under Fire
85320,The Day of the Saints: Equipping Believers for Their Revolutionary Role in Ministry
302409,Pisces Rising
302410,Werewolf: The Apocalypse : Limited (Werewolf: The Apocalypse)
302411,The Stormy Petrel
77136,A Perfect Candidate
77137,The Illustrated Woman
77138,Espionage : The Greatest Spy Operations of the Twentieth Century
77139,New Essays on The Sun Also Rises (The American Novel)
77140,Harry Potter And The Chamber Of Secrets: Collectors Edition
77141,The Alt.Cyberpunk.Chatsubo Anthology
77143,A Transforming Faith: Explorations of Twentieth-Century American Evangelicalism
310634,Enju: The Life and Struggle of an Apache Chief from the Little Running Water
191881,Star Wars - Episode I  The Phantom Menace (Widescreen Edition Boxed Set)
48524,In Search of Dracula: The History of Dracula and Vampires
19865,I Promise I'll Find You
69026,Bing Crosby - His Greatest Hits of the 30's
273839,The Best of the Celtic Tradition  Vol. 1
81377,Phos (W/Vangelis)
24034,Butterfly
93677,Antique Kilims of Anatolia
93678,To Be or Not to Be
93679,Pathways and Dawns
93680,Native American Crafts & Skills
93681,Professional Secrets for Photographing Children
93682,The Dynamic Duo: The Holy Spirit and You
93683,Niccolo Jommelli: Requiem / Veni Sponsa Christi
347635,Stained Glass Windows Coloring Book
44535,UNITED STATES CONSTITUTION and the BILL OF RIGHTS
232955,The Rough Guide to Scotland (4th Edition)
232956,Tales from Gold Mountain: Stories of the Chinese in the New World
32277,Smooth Grooves: Ladies Men
7710,Computational Geometry : An Introduction (Monographs in Computer Science)
89650,Goose Chase
89652,The Guide to Owning a Red-Tailed Boa
183876,Michel De Certeau: Interpretation and Its Other (Key Contemporary Thinkers)
212548,Working-Class Americanism : The Politics of Labor in a Textile City  1914-1960
212550,Ender's Game (Fantastic Audio Series)
212549,Audacious Poetry
273992,
212551,Between the Sheets
212554,Spiritual Disciplines Within the Church: Participating Fully in the Body of Christ
245321,Adobe InDesign 2.0 Classroom in a Book
212556,Living with God.  Thomas Aquinas on the Relation between Life on Earth and ¿Life' after Death
347725,Mister Rogers' Neighborhood: Children  Television  and Fred Rogers
142926,The Night Is Large : Collected Essays  1938-1995
142927,Danger
212557,Studies in Reflecting Abstraction
351834,Sedimentology & Stratigraphy
155227,Devlin's Boatbuilding: How to Build Any Boat the Stitch-and-Glue Way
126556,Chariots of the Desert: The Story of the Israeli Armoured Corps
278125,Viaje sin distancia
179838,Tom of Finland: The Art of Pleasure
175751,Defending Mother Earth: Native American Perspectives on Environmental Justice
175752,Take Us Out to the Ballgame/Mo
335497,Materials Selection in Mechanical Design
335498,Concise Esperanto and English Dictionary: Esperanto-English/English-Esperanto (Teach Yourself)
274057,Basic Guitar Workout (Basic S.)
335500,Michel Comte: Twenty Years 1979-1999
388745,Bowery Boys: Clipped Wings
388746,Little Rascals  Vol. 2
388747,Little Rascals Volume 1
388748,Little Rascals  Vol. 4 (Digitally Remastered Collector's Edition)
388749,Little Rascals  Vol. 3
102033,Classic Blue
249503,Dokken - Live from the Sun
52896,Houseloop
396986,Sports
16070,Purpose-Directed Theology: Getting Our Priorities Right in Evangelical Conversations
106189,Anybody Out There?
270038,Easy Come  Easy Go
200406,Making Room for Students: Sharing Teacher Authority in Room 104
3799,Collecting African American Art : Works on Paper and Canvas
347868,Left Behind: A Novel of the Earth's Last Days (Left Behind No. 1)
200427,Gaia's Garden: A Guide to Home-Scale Permaculture
106220,The Shadow Club Rising
335600,Your Disco Needs You [Germany CD]
85763,Playing the Viola: Conversations With William Primrose
85764,Things That You Can Do  The
85765,A Literature Unit for D'Aulaires' Book of Greek Myths by Ingri & Edgar Parin d'Aulaire
85766,Pricing for Profitability: Activity-Based Pricing for Competitive Advantage
85767,Inspiration=Ideas: A Creativity Sourcebook for Graphic Designers
85769,Who Will Speak for the Victim: A Practical Treatise on Plaintiffs Jury Argument
85770,Mammals: An Artistic Approach
85771,The Lovely Bones: A Novel
3878,Bear's Busy Family (A Barefoot Board Book)
16188,Nonlinear Systems (Cambridge Texts in Applied Mathematics)
16191,Wittgenstein and Contemporary Philosophy of Mind
16193,The Official Book of the Shih Tzu (Ts-305)
12103,Versailles  the American Story
372552,Everett Grist's Big Book of Marbles: A Comprehensive Identification & Value Guide for Both Antique and Machine-Made Marbles (Grist's Big Book of Marbles)
372553,Custody Chaos  Personal Peace: Sharing Custody With an Ex Who's Driving You Crazy
372555,Left Behind: A Novel of the Earth's Last Days (Left Behind  1)
12109,Competing by Design: Creating Value and Market Advantage in New Product Development
347998,Wood: Materials for Inspirational Design
347999,Bartman: The Best of the Best!
196452,Great Smoky Mountains : A Natural History Guide (Natural History Guides)
196453,Lady of the River (Reardon Valley Series  2)
184171,Apollo 18
184173,A Picture of Nectar
184174,Children's Thinking: Developmental Function and Individual Differences
77682,Well Said Text/Audio Tape Package: Pronunciation for Clear Communication
151419,"Confederate Corsair: The Life of Lt. Charles W. ""Savez"" Read"
151421,Computations in Algebraic Geometry with Macaulay 2
237460,King's Indian Defence: Mar Del Plata Variation (Batsford Chess Books (Paperback))
163737,The View from Madisonville: Protohistoric Western Fort Ancient Interaction Patterns (Memoirs of the Museum of Anthropology  University of Michigan  No. 31)
237472,The Da Vinci Code
32716,The Very Best of Wayne Watson
40930,Underground
40932,Pharmacology for the Surgical Technologist
376812,Vegetarianism for Teens (Nutrition and Fitness for Teens)
360436,What Would Jesus Eat? The Ultimate Program For Eating Well  Feeling Great  And Living Longer
110583,New Zealand by Bike: 14 Tours Geared for Discovery (By Bike)
110584,Aesop's Fables (Illustrated Junior Library)
45052,The Best of the Gipsy Kings
